{
    "accuracy": 0.69,
    "precision": 0.6905740666399036,
    "recall": 0.69,
    "auc": 0.7652979066022544
}